"সদস্য নং","নাম","মোবাইল","লগইনে যা লিখবেন","অস্থায়ী পাসওয়ার্ড","ভূমিকা","অবস্থা"
"1","শরফুদ্দিন","01859336893","মোবাইল নম্বর অথবা সদস্য নং","202878","অ্যাডমিন","প্রথমবার লগইন করবেন — এই পাসওয়ার্ড দিন"
"2","ইদ্রিস মনি","01310760069","মোবাইল নম্বর অথবা সদস্য নং","824173","অ্যাডমিন","প্রথমবার লগইন করবেন — এই পাসওয়ার্ড দিন"
"3","সজীব","(মোবাইল নেই)","সদস্য নং 3","632975","সদস্য","প্রথমবার লগইন করবেন — এই পাসওয়ার্ড দিন"
"4","জাহেদ","01892785486","মোবাইল নম্বর অথবা সদস্য নং","453912","অ্যাডমিন","প্রথমবার লগইন করবেন — এই পাসওয়ার্ড দিন"
"5","আজগর","01834248280","মোবাইল নম্বর অথবা সদস্য নং","804822","অ্যাডমিন","প্রথমবার লগইন করবেন — এই পাসওয়ার্ড দিন"
"6","রাহিব","01723332916","মোবাইল নম্বর অথবা সদস্য নং","—","অ্যাডমিন","নিজের পাসওয়ার্ড দিয়েছেন — এই তালিকার পাসওয়ার্ড আর চলবে না"
"7","শুভ","01980640702","মোবাইল নম্বর অথবা সদস্য নং","—","অ্যাডমিন","নিজের পাসওয়ার্ড দিয়েছেন — এই তালিকার পাসওয়ার্ড আর চলবে না"
"8","শরিফ","01878526254","মোবাইল নম্বর অথবা সদস্য নং","283170","সদস্য","প্রথমবার লগইন করবেন — এই পাসওয়ার্ড দিন"
"9","আরিফ","01613795790","মোবাইল নম্বর অথবা সদস্য নং","066590","সদস্য","প্রথমবার লগইন করবেন — এই পাসওয়ার্ড দিন"
"10","মেহেদী","01332819535","মোবাইল নম্বর অথবা সদস্য নং","050989","সদস্য","প্রথমবার লগইন করবেন — এই পাসওয়ার্ড দিন"
"11","জুয়েল","01859336548","মোবাইল নম্বর অথবা সদস্য নং","807255","সদস্য","প্রথমবার লগইন করবেন — এই পাসওয়ার্ড দিন"
"12","নাছিম","01859043828","মোবাইল নম্বর অথবা সদস্য নং","357765","সদস্য","প্রথমবার লগইন করবেন — এই পাসওয়ার্ড দিন"
"13","রিয়াজ","(মোবাইল নেই)","সদস্য নং 13","753320","সদস্য","প্রথমবার লগইন করবেন — এই পাসওয়ার্ড দিন"
"14","রায়হান","01888369377","মোবাইল নম্বর অথবা সদস্য নং","479516","সদস্য","প্রথমবার লগইন করবেন — এই পাসওয়ার্ড দিন"
"15","ইসমাইল","(মোবাইল নেই)","সদস্য নং 15","735134","সদস্য","প্রথমবার লগইন করবেন — এই পাসওয়ার্ড দিন"
"16","সাকিব","(মোবাইল নেই)","সদস্য নং 16","027520","সদস্য","প্রথমবার লগইন করবেন — এই পাসওয়ার্ড দিন"
"17","সাখাওয়াত","01830589461","মোবাইল নম্বর অথবা সদস্য নং","866564","সদস্য","প্রথমবার লগইন করবেন — এই পাসওয়ার্ড দিন"
"18","লিটন জলদাস","(মোবাইল নেই)","সদস্য নং 18","156435","সদস্য","প্রথমবার লগইন করবেন — এই পাসওয়ার্ড দিন"
"19","মহি উদ্দিন","(মোবাইল নেই)","সদস্য নং 19","265361","সদস্য","প্রথমবার লগইন করবেন — এই পাসওয়ার্ড দিন"
"20","তারেক (বাজার)","01876556238","মোবাইল নম্বর অথবা সদস্য নং","377379","সদস্য","প্রথমবার লগইন করবেন — এই পাসওয়ার্ড দিন"
"21","নাঈম","(মোবাইল নেই)","সদস্য নং 21","—","সদস্য","অ্যাডমিন নতুন অস্থায়ী পাসওয়ার্ড দিয়েছেন — তালিকারটি চলবে না"
"22","মোঃ আকাশ","01812793350","মোবাইল নম্বর অথবা সদস্য নং","942263","সদস্য","প্রথমবার লগইন করবেন — এই পাসওয়ার্ড দিন"
"23","হাসিনা","(মোবাইল নেই)","সদস্য নং 23","608142","সদস্য","প্রথমবার লগইন করবেন — এই পাসওয়ার্ড দিন"
"24","মুন্নি","(মোবাইল নেই)","সদস্য নং 24","509140","সদস্য","প্রথমবার লগইন করবেন — এই পাসওয়ার্ড দিন"
"25","মো: মুন্না","01883785685","মোবাইল নম্বর অথবা সদস্য নং","776285","সদস্য","প্রথমবার লগইন করবেন — এই পাসওয়ার্ড দিন"
"26","মোঃ মেরাজ","(মোবাইল নেই)","সদস্য নং 26","087332","সদস্য","প্রথমবার লগইন করবেন — এই পাসওয়ার্ড দিন"
"27","মো: তপু","01859610110","মোবাইল নম্বর অথবা সদস্য নং","673362","সদস্য","প্রথমবার লগইন করবেন — এই পাসওয়ার্ড দিন"
"28","সাব্বির","(মোবাইল নেই)","সদস্য নং 28","648556","সদস্য","প্রথমবার লগইন করবেন — এই পাসওয়ার্ড দিন"
"29","আলি হোসেন","(মোবাইল নেই)","সদস্য নং 29","861495","সদস্য","প্রথমবার লগইন করবেন — এই পাসওয়ার্ড দিন"
"30","ইজাজ","(মোবাইল নেই)","সদস্য নং 30","060144","সদস্য","প্রথমবার লগইন করবেন — এই পাসওয়ার্ড দিন"
"31","Sahid","(মোবাইল নেই)","সদস্য নং 31","920724","সদস্য","প্রথমবার লগইন করবেন — এই পাসওয়ার্ড দিন"
"32","সুমন","01890479119","মোবাইল নম্বর অথবা সদস্য নং","336787","সদস্য","প্রথমবার লগইন করবেন — এই পাসওয়ার্ড দিন"
